date,year,month,Idnest,massegg,number,clutch size
24-Jun-06,2006,Jun,ALS1,4.8,A,3
24-Jun-06,2006,Jun,ALS1,4.8,B,3
24-Jun-06,2006,Jun,ALS1,4.65,C,3
24-Jun-06,2006,Jun,ALS,4.8,A,3
24-Jun-06,2006,Jun,ALS,4.6,B,3
24-Jun-06,2006,Jun,ALS,4.35,C,3
24-Jun-06,2006,Jun,ALS2,3.8,A,2
24-Jun-06,2006,Jun,ALS2,3.6,B,2
24-Jun-06,2006,Jun,ALS3,5.55,A,3
24-Jun-06,2006,Jun,ALS3,5.35,B,3
24-Jun-06,2006,Jun,ALS3,5.15,C,3
29-Jun-06,2006,Jun,ALS4,3.75,1,4
29-Jun-06,2006,Jun,ALS4,3.8,2,4
29-Jun-06,2006,Jun,ALS4,4.15,3,4
29-Jun-06,2006,Jun,ALS4,4,4,4
29-Jun-06,2006,Jun,ALS5,4,1,4
29-Jun-06,2006,Jun,ALS5,3.85,4,4
29-Jun-06,2006,Jun,ALS5,4.35,3,4
3-Jun-06,2006,Jun,ALS6,4.95,A,3
3-Jun-06,2006,Jun,ALS6,4.35,B,3
3-Jun-06,2006,Jun,ALS6,4.55,C,3
27-Jun-06,2006,Jun,ALS7,3.85,1,3
27-Jun-06,2006,Jun,ALS7,4,2,3
27-Jun-06,2006,Jun,ALS7,4.15,3,3
6-Jun-06,2006,Jun,ALS8,4.7,A,3
6-Jun-06,2006,Jun,ALS8,4.55,B,3
6-Jun-06,2006,Jun,ALS8,4.4,C,3
27-Apr-06,2006,Apr,ALS9,5.05,A,3
27-Apr-06,2006,Apr,ALS9,4.8,B,3
27-Apr-06,2006,Apr,ALS9,4.8,C,3
27-Apr-06,2006,Apr,ALS10,4.35,A,3
27-Apr-06,2006,Apr,ALS10,4,B,3
27-Apr-06,2006,Apr,ALS10,4.3,C,3
1-Jul-06,2006,Jul,ALS11,4.35,1,3
1-Jul-06,2006,Jul,ALS11,4.95,2,3
1-Jul-06,2006,Jul,ALS11,4.65,3,3
8-Jul-06,2006,Jul,ALS12,5.2,1,3
8-Jul-06,2006,Jul,ALS12,5.3,2,3
8-Jul-06,2006,Jul,ALS12,4.75,3,3
2-Apr-06,2006,Apr,ALS 13,3.75,1,3
2-Apr-06,2006,Apr,ALS 13,4.3,2,3
2-Apr-06,2006,Apr,ALS 13,4,3,3
18-May-06,2006,May,ALS 41,3.75,A,4
18-May-06,2006,May,ALS 41,4,B,4
18-May-06,2006,May,ALS 41,4,C,4
18-May-06,2006,May,ALS 41,4.2,D,4
30-May-06,2006,May,ALS 46,3.8,A,3
30-May-06,2006,May,ALS 46,4.05,B,3
30-May-06,2006,May,ALS 46,4.45,C,3
5-Apr-06,2006,Apr,ALS14,3.75,1,3
5-Apr-06,2006,Apr,ALS14,4.35,2,3
5-Apr-06,2006,Apr,ALS14,4,3,3
4-Apr-06,2006,Apr,ALS100,4.3,1,3
4-Apr-06,2006,Apr,ALS100,4.8,2,3
4-Apr-06,2006,Apr,ALS100,4.7,3,3
29-Jun-06,2006,Jun,ALS101,5.05,1,3
29-Jun-06,2006,Jun,ALS101,4.65,2,3
29-Jun-06,2006,Jun,ALS101,4.85,3,3
13-Jul-06,2006,Jul,ALS107,4.2,A,2
13-Jul-06,2006,Jul,ALS107,4.2,B,2
16-Jul-06,2006,Jul,ALS107,4,A,2
16-Jul-06,2006,Jul,ALS107,3.65,B,2
8-Jul-06,2006,Jul,ALS107,4.45,A,2
8-Jul-06,2006,Jul,ALS107,4.35,B,2
13-Jul-06,2006,Jul,ALS111,4.95,1,3
13-Jul-06,2006,Jul,ALS111,5,2,3
13-Jul-06,2006,Jul,ALS111,4.6,3,3
13-Apr-06,2006,Apr,ALS18,3.65,1,4
13-Apr-06,2006,Apr,ALS18,3.9,2,4
13-Apr-06,2006,Apr,ALS18,3.8,3,4
13-Apr-06,2006,Apr,ALS18,3.85,4,4
25-Apr-06,2006,Apr,ALS22,4.4,1,3
25-Apr-06,2006,Apr,ALS22,4.6,2,3
25-Apr-06,2006,Apr,ALS22,4.15,3,3
1-May-06,2006,May,ALS22,4.15,1,2
1-May-06,2006,May,ALS22,4.2,2,2
28-Apr-06,2006,Apr,ALS23,4.15,1,4
28-Apr-06,2006,Apr,ALS23,4.55,2,4
28-Apr-06,2006,Apr,ALS23,4.15,3,4
28-Apr-06,2006,Apr,ALS23,4.3,4,4
7-May-06,2006,May,ALS24,5.13,1,3
7-May-06,2006,May,ALS24,4.85,2,3
7-May-06,2006,May,ALS24,5.25,3,3
9-May-06,2006,May,ALS34,4.75,A,3
9-May-06,2006,May,ALS34,4.4,B,3
9-May-06,2006,May,ALS34,4.65,C,3
15-May-06,2006,May,ALS38,4.45,1,3
15-May-06,2006,May,ALS38,5.2,2,3
15-May-06,2006,May,ALS38,5.3,3,3
18-May-06,2006,May,ALS41,3.75,A,4
18-May-06,2006,May,ALS41,4,B,4
18-May-06,2006,May,ALS41,4,C,4
18-May-06,2006,May,ALS41,4.2,D,4
12-May-06,2006,May,ALS41,4.05,A,2
12-May-06,2006,May,ALS41,4.2,B,2
21-May-06,2006,May,ALS44,4.7,A,3
21-May-06,2006,May,ALS44,4.9,B,3
21-May-06,2006,May,ALS44,4.55,C,3
24-May-06,2006,May,ALS45,4.1,1,3
24-May-06,2006,May,ALS45,4.25,2,3
24-May-06,2006,May,ALS45,3.7,3,3
28-May-06,2006,May,ALS45,3.8,1,3
28-May-06,2006,May,ALS45,4.05,2,3
28-May-06,2006,May,ALS45,2.75,3,3
30-May-06,2006,May,ALS45,3.8,1,3
30-May-06,2006,May,ALS45,3.25,2,3
30-May-06,2006,May,ALS45,2.7,3,3
18-May-06,2006,May,ALS46,5,A,3
18-May-06,2006,May,ALS46,4.65,B,3
18-May-06,2006,May,ALS46,4.9,C,3
20-May-06,2006,May,ALS47,4.55,A,3
20-May-06,2006,May,ALS47,4.7,B,3
20-May-06,2006,May,ALS47,4.65,C,3
25-May-06,2006,May,ALS49,5.8,1,3
25-May-06,2006,May,ALS49,5.4,2,3
25-May-06,2006,May,ALS49,5.65,3,3
28-May-06,2006,May,ALS49,5.4,1,3
28-May-06,2006,May,ALS49,4.2,2,3
28-May-06,2006,May,ALS49,5.2,3,3
13-Apr-06,2006,Apr,ALS5,4,A,3
13-Apr-06,2006,Apr,ALS5,4.15,B,3
13-Apr-06,2006,Apr,ALS5,3.85,C,3
28-May-06,2006,May,ALS57,4.4,1,3
28-May-06,2006,May,ALS57,4.65,2,3
28-May-06,2006,May,ALS57,5.1,3,3
31-May-06,2006,May,ALS57,4.5,1,3
31-May-06,2006,May,ALS57,4.5,2,3
31-May-06,2006,May,ALS57,4.15,3,3
4-Jun-06,2006,Jun,ALS57,4.65,1,3
4-Jun-06,2006,Jun,ALS57,4.35,2,3
4-Jun-06,2006,Jun,ALS57,4.85,3,3
28-May-06,2006,May,ALS57,1.85,N/A,1
13-Apr-06,2006,Apr,ALS6,3.85,1,4
13-Apr-06,2006,Apr,ALS6,3.65,2,4
13-Apr-06,2006,Apr,ALS6,3.75,3,4
13-Apr-06,2006,Apr,ALS6,3.8,4,4
21-Apr-06,2006,Apr,ALS6,3.55,1,3
21-Apr-06,2006,Apr,ALS6,3.5,2,3
21-Apr-06,2006,Apr,ALS6,3.6,3,3
30-May-06,2006,May,ALS62,4.45,A,3
30-May-06,2006,May,ALS62,4.25,B,3
30-May-06,2006,May,ALS62,4.4,C,3
8-Jun-06,2006,Jun,ALS64,4.65,1,3
8-Jun-06,2006,Jun,ALS64,4.45,2,3
8-Jun-06,2006,Jun,ALS64,4.65,3,3
8-Jun-06,2006,Jun,ALS72,5.1,1,4
8-Jun-06,2006,Jun,ALS72,5.2,2,4
8-Jun-06,2006,Jun,ALS72,4.95,3,4
8-Jun-06,2006,Jun,ALS72,5.1,4,4
12-Jun-06,2006,Jun,ALS72,5.05,1,3
12-Jun-06,2006,Jun,ALS72,5.1,2,3
12-Jun-06,2006,Jun,ALS72,4.15,4,3
8-Jun-06,2006,Jun,ALS73,4.8,A,1
8-Jun-06,2006,Jun,ALS77,4.85,1,4
8-Jun-06,2006,Jun,ALS77,4.5,2,4
8-Jun-06,2006,Jun,ALS77,4.7,3,4
8-Jun-06,2006,Jun,ALS77,4.55,4,4
11-Jun-06,2006,Jun,ALS77,4.5,1,3
11-Jun-06,2006,Jun,ALS77,4.45,3,3
11-Jun-06,2006,Jun,ALS77,4.35,4,3
5-Jul-06,2006,Jul,ALS8?,4.8,X,4
14-Jun-06,2006,Jun,ALS80,4.7,1,4
14-Jun-06,2006,Jun,ALS80,4.45,2,4
14-Jun-06,2006,Jun,ALS80,5.05,3,4
14-Jun-06,2006,Jun,ALS80,4.75,4,4
18-May-06,2006,May,ALS81,3.75,A,4
18-May-06,2006,May,ALS81,4,B,4
18-May-06,2006,May,ALS81,4,C,4
18-May-06,2006,May,ALS81,4.2,D,4
10-Jun-06,2006,Jun,ALS81,5.3,1,4
10-Jun-06,2006,Jun,ALS81,4.9,2,4
10-Jun-06,2006,Jun,ALS81,5,3,4
10-Jun-06,2006,Jun,ALS81,5.4,4,4
22-Jun-06,2006,Jun,ALS81,5.3,1,3
22-Jun-06,2006,Jun,ALS81,5.05,3,3
22-Jun-06,2006,Jun,ALS81,5.35,4,3
25-Jun-06,2006,Jun,ALS81,5.2,1,3
25-Jun-06,2006,Jun,ALS81,4.9,3,3
25-Jun-06,2006,Jun,ALS81,4.9,4,3
19-Jun-06,2006,Jun,ALS82,4.75,1,4
19-Jun-06,2006,Jun,ALS82,4.75,2,4
19-Jun-06,2006,Jun,ALS82,4.4,3,4
19-Jun-06,2006,Jun,ALS82,4.65,4,4
22-Jun-06,2006,Jun,ALS82,4.6,1,3
22-Jun-06,2006,Jun,ALS82,4.55,4,3
22-Jun-06,2006,Jun,ALS82,4.8,3,3
25-Jun-06,2006,Jun,ALS82,4.45,1,3
25-Jun-06,2006,Jun,ALS82,4.2,4,3
25-Jun-06,2006,Jun,ALS82,4.55,3,3
24-Jun-06,2006,Jun,ALS82,4.2,1,3
24-Jun-06,2006,Jun,ALS82,3.85,4,3
24-Jun-06,2006,Jun,ALS82,4.45,3,3
29-Jun-06,2006,Jun,ALS87,4.45,1,3
29-Jun-06,2006,Jun,ALS87,5.1,2,3
29-Jun-06,2006,Jun,ALS87,4.85,3,3
5-Jul-06,2006,Jul,ALS87,4.35,X,3
25-Jun-06,2006,Jun,ALS89,4.6,1,4
25-Jun-06,2006,Jun,ALS89,4.7,2,4
25-Jun-06,2006,Jun,ALS89,4.65,3,4
25-Jun-06,2006,Jun,ALS89,4.85,4,4
24-Jun-06,2006,Jun,ALS89,4.5,1,4
24-Jun-06,2006,Jun,ALS89,4.65,2,4
24-Jun-06,2006,Jun,ALS89,4.55,3,4
24-Jun-06,2006,Jun,ALS89,4.75,4,4
3-Jul-06,2006,Jul,ALS89,4.3,1,4
3-Jul-06,2006,Jul,ALS89,4.5,2,4
3-Jul-06,2006,Jul,ALS89,4.6,4,4
22-Jun-06,2006,Jun,ALS93,3.8,1,4
22-Jun-06,2006,Jun,ALS93,4.3,2,4
22-Jun-06,2006,Jun,ALS93,4.15,3,4
22-Jun-06,2006,Jun,ALS93,4.15,4,4
25-Jun-06,2006,Jun,ALS93,4.2,2,3
25-Jun-06,2006,Jun,ALS93,4.05,3,3
25-Jun-06,2006,Jun,ALS93,4,4,3
26-Jun-06,2006,Jun,ALS98,4.45,1,4
26-Jun-06,2006,Jun,ALS98,4.4,2,4
26-Jun-06,2006,Jun,ALS98,4.6,3,4
26-Jun-06,2006,Jun,ALS98,4.4,4,4
24-Jun-06,2006,Jun,ALS98,4.4,1,3
24-Jun-06,2006,Jun,ALS98,4.3,2,3
24-Jun-06,2006,Jun,ALS98,4.55,3,3
3-Jul-06,2006,Jul,ALS98,4.25,1,3
3-Jul-06,2006,Jul,ALS98,4.05,2,3
3-Jul-06,2006,Jul,ALS98,4.35,3,3
6-Jul-06,2006,Jul,ALS98,3.4,1,3
6-Jul-06,2006,Jul,ALS98,3.4,2,3
5-Apr-06,2006,Apr,AY/BB,0.9,A,4
5-Apr-06,2006,Apr,AY/BB,1.4,B,4
5-Apr-06,2006,Apr,AY/BB,0.75,C,4
5-Apr-06,2006,Apr,AY/BB,2.55,D,4
7-Jun-06,2006,Jun,GL1,5.3,1,3
7-Jun-06,2006,Jun,GL1,4.3,2,3
7-Jun-06,2006,Jun,GL1,4.75,3,3
20-Jun-06,2006,Jun,GL2,2.65,2,2
20-Jun-06,2006,Jun,GL2,4.05,3,2
14-Jun-06,2006,Jun,GL3,5,A,3
14-Jun-06,2006,Jun,GL3,4.95,B,3
14-Jun-06,2006,Jun,GL3,4.55,C,3
5-Jun-06,2006,Jun,GL4,5.2,A,3
5-Jun-06,2006,Jun,GL4,4.95,B,3
5-Jun-06,2006,Jun,GL4,5.35,C,3
25-Jun-06,2006,Jun,GL5,4.4,1,3
25-Jun-06,2006,Jun,GL5,3.6,2,3
25-Jun-06,2006,Jun,GL5,3.75,3,3
28-Jun-06,2006,Jun,GL6,3.6,2,3
28-Jun-06,2006,Jun,GL6,3.75,3,3
7-Jun-06,2006,Jun,GL7,5,A,3
7-Jun-06,2006,Jun,GL7,5.25,B,3
7-Jun-06,2006,Jun,GL7,5.2,C,3
9-Jun-06,2006,Jun,GL8,4.45,1,4
9-Jun-06,2006,Jun,GL8,4.15,3,4
9-Jun-06,2006,Jun,GL8,4.5,4,4
29-May-06,2006,May,GL9,4.05,1,3
29-May-06,2006,May,GL9,4.15,2,3
29-May-06,2006,May,GL9,3.55,3,3
24-Apr-06,2006,Apr,GL 44,4.15,C,3
24-Apr-06,2006,Apr,GL 44,3.85,A,3
24-Apr-06,2006,Apr,GL 44,4.35,B,3
28-Apr-06,2006,Apr,GL 51,4.8,A,3
28-Apr-06,2006,Apr,GL 51,4.3,C,3
18-May-06,2006,May,GL 63,4.55,1,3
18-May-06,2006,May,GL 63,4.2,2,2
18-May-06,2006,May,GL 69,4.95,1,3
18-May-06,2006,May,GL 69,5.1,2,4
18-May-06,2006,May,GL 69,4.75,3,4
18-May-06,2006,May,GL 69,4.8,4,4
18-May-06,2006,May,GL 72,4.4,1,2
18-May-06,2006,May,GL 72,4.9,2,3
18-May-06,2006,May,GL 72,4.65,3,3
6-Mar-06,2006,Mar,GL1111,4.8,1,3
6-Mar-06,2006,Mar,GL1111,4.2,2,3
6-Mar-06,2006,Mar,GL1111,3.9,3,3
26-Mar-06,2006,Mar,GL10,3.5,1,3
18-Jun-06,2006,Jun,GL100,4.2,1,2
18-Jun-06,2006,Jun,GL100,4.35,2,2
17-Jun-06,2006,Jun,GL100,4.95,A,3
17-Jun-06,2006,Jun,GL100,5.25,B,3
17-Jun-06,2006,Jun,GL100,5,C,3
20-Jun-06,2006,Jun,GL101,4.7,A,3
20-Jun-06,2006,Jun,GL101,4.15,B,3
20-Jun-06,2006,Jun,GL101,4.8,C,3
23-Jun-06,2006,Jun,GL102,5,A,3
23-Jun-06,2006,Jun,GL102,4.75,B,3
23-Jun-06,2006,Jun,GL102,4.65,C,3
25-Jun-06,2006,Jun,GL103,5.05,A,2
25-Jun-06,2006,Jun,GL103,5.35,B,2
2-Jul-06,2006,Jul,GL105,4.6,A,2
2-Jul-06,2006,Jul,GL105,4.4,B,2
28-Mar-06,2006,Mar,GL11,4.35,1,3
28-Mar-06,2006,Mar,GL11,4.6,2,3
28-Mar-06,2006,Mar,GL11,4.15,3,3
26-Mar-06,2006,Mar,GL12,3.3,1,3
26-Mar-06,2006,Mar,GL12,2.8,2,3
26-Mar-06,2006,Mar,GL12,2.9,3,3
26-Mar-06,2006,Mar,GL13,4.5,1,4
26-Mar-06,2006,Mar,GL13,3.9,2,4
26-Mar-06,2006,Mar,GL13,4.1,3,4
26-Mar-06,2006,Mar,GL13,3.9,4,4
26-Mar-06,2006,Mar,GL14,4,1,4
26-Mar-06,2006,Mar,GL14,4.6,2,4
26-Mar-06,2006,Mar,GL14,4.5,3,4
26-Mar-06,2006,Mar,GL14,4.4,4,4
28-Mar-06,2006,Mar,GL14,4.05,1,3
28-Mar-06,2006,Mar,GL14,4.3,2,3
28-Mar-06,2006,Mar,GL14,4.3,3,3
26-Mar-06,2006,Mar,GL15,3.3,1,3
26-Mar-06,2006,Mar,GL15,3.6,2,3
26-Mar-06,2006,Mar,GL15,3.7,3,3
21-Mar-06,2006,Mar,GL2,5.1,1,3
21-Mar-06,2006,Mar,GL2,3.9,2,3
21-Mar-06,2006,Mar,GL2,3.7,3,3
19-Mar-06,2006,Mar,GL2,5.1,1,3
19-Mar-06,2006,Mar,GL2,3.9,2,3
19-Mar-06,2006,Mar,GL2,3.7,3,3
29-Mar-06,2006,Mar,GL2,4.35,1,3
29-Mar-06,2006,Mar,GL2,2.95,2,3
29-Mar-06,2006,Mar,GL2,3.45,3,3
4-Apr-06,2006,Apr,GL20,4.4,1,2
4-Apr-06,2006,Apr,GL20,4.3,2,2
4-Apr-06,2006,Apr,GL22,5.55,1,3
4-Apr-06,2006,Apr,GL22,5.05,2,3
4-Apr-06,2006,Apr,GL22,4.7,3,3
6-Apr-06,2006,Apr,GL24,4.6,A,4
6-Apr-06,2006,Apr,GL24,4.6,B,4
6-Apr-06,2006,Apr,GL24,4.5,C,4
6-Apr-06,2006,Apr,GL24,4.75,D,4
4-Apr-06,2006,Apr,GL25,4.65,1,2
4-Apr-06,2006,Apr,GL25,4.25,2,2
3-Apr-06,2006,Apr,GL26,4,1,3
3-Apr-06,2006,Apr,GL26,4.45,2,3
3-Apr-06,2006,Apr,GL26,4.15,3,3
28-Apr-06,2006,Apr,GL28,4.85,A,3
28-Apr-06,2006,Apr,GL28,4.85,B,3
28-Apr-06,2006,Apr,GL28,4.85,C,3
11-Apr-06,2006,Apr,GL29,4.65,1,1
21-Mar-06,2006,Mar,GL3,3.9,1,3
21-Mar-06,2006,Mar,GL3,3.7,2,3
21-Mar-06,2006,Mar,GL3,4.4,3,3
19-Mar-06,2006,Mar,GL3,3.9,1,3
19-Mar-06,2006,Mar,GL3,3.7,2,3
19-Mar-06,2006,Mar,GL3,4.4,3,3
13-Apr-06,2006,Apr,GL30,4.5,A,3
13-Apr-06,2006,Apr,GL30,4.55,B,3
13-Apr-06,2006,Apr,GL30,4.8,C,3
15-Apr-06,2006,Apr,GL31,4.15,A,3
15-Apr-06,2006,Apr,GL31,4.55,B,3
15-Apr-06,2006,Apr,GL31,4.5,C,3
15-Apr-06,2006,Apr,GL32,4.35,1,4
15-Apr-06,2006,Apr,GL32,4.85,2,4
15-Apr-06,2006,Apr,GL32,5,3,4
15-Apr-06,2006,Apr,GL32,4.5,4,4
14-Apr-06,2006,Apr,GL32,3.7,A,3
14-Apr-06,2006,Apr,GL32,3.85,B,3
14-Apr-06,2006,Apr,GL32,3.75,C,3
14-Apr-06,2006,Apr,GL33,4.55,A,3
14-Apr-06,2006,Apr,GL33,4.15,B,3
14-Apr-06,2006,Apr,GL33,4.35,C,3
15-Apr-06,2006,Apr,GL35,4.5,A,2
15-Apr-06,2006,Apr,GL35,4.1,B,2
15-Apr-06,2006,Apr,GL37,5.1,A,3
15-Apr-06,2006,Apr,GL37,4.8,B,3
15-Apr-06,2006,Apr,GL37,5.05,C,3
18-Apr-06,2006,Apr,GL38,4.05,A,3
18-Apr-06,2006,Apr,GL38,3.9,B,3
18-Apr-06,2006,Apr,GL38,4.25,C,3
15-Apr-06,2006,Apr,GL39,4.4,1,3
15-Apr-06,2006,Apr,GL39,4.05,2,3
15-Apr-06,2006,Apr,GL39,3.95,3,3
23-Apr-06,2006,Apr,GL40,3.45,1,4
23-Apr-06,2006,Apr,GL40,3.55,2,4
23-Apr-06,2006,Apr,GL40,3.55,3,4
23-Apr-06,2006,Apr,GL40,3.55,4,4
15-Apr-06,2006,Apr,GL40,3.7,1,4
15-Apr-06,2006,Apr,GL40,3.85,2,4
15-Apr-06,2006,Apr,GL40,4.05,3,4
15-Apr-06,2006,Apr,GL40,3.95,4,4
21-Apr-06,2006,Apr,GL41,4.05,A,3
21-Apr-06,2006,Apr,GL41,4.4,B,3
21-Apr-06,2006,Apr,GL41,4.3,C,3
21-Apr-06,2006,Apr,GL42,4.65,A,4
21-Apr-06,2006,Apr,GL42,4.6,B,4
21-Apr-06,2006,Apr,GL42,4.6,C,4
21-Apr-06,2006,Apr,GL42,4.85,D,4
22-Apr-06,2006,Apr,GL43,4.75,A,3
22-Apr-06,2006,Apr,GL43,5.05,B,3
22-Apr-06,2006,Apr,GL43,4.55,C,3
24-Apr-06,2006,Apr,GL44,3.85,A,3
24-Apr-06,2006,Apr,GL44,4.35,B,3
24-Apr-06,2006,Apr,GL44,4.15,C,3
19-Apr-06,2006,Apr,GL45,4,A,2
19-Apr-06,2006,Apr,GL45,4.2,B,2
23-Apr-06,2006,Apr,GL46,4.5,1,4
23-Apr-06,2006,Apr,GL46,4.15,2,4
23-Apr-06,2006,Apr,GL46,4.3,3,4
23-Apr-06,2006,Apr,GL46,3.95,4,4
23-Apr-06,2006,Apr,GL47,4.95,A,2
23-Apr-06,2006,Apr,GL47,5.2,B,2
26-Apr-06,2006,Apr,GL47,4.85,A,4
26-Apr-06,2006,Apr,GL47,5.1,B,4
26-Apr-06,2006,Apr,GL47,5.05,C,4
26-Apr-06,2006,Apr,GL47,5.35,D,4
29-Apr-06,2006,Apr,GL48,4.25,1,2
29-Apr-06,2006,Apr,GL48,4.3,2,2
23-Apr-06,2006,Apr,GL48,4.6,1,3
23-Apr-06,2006,Apr,GL48,4.6,2,3
23-Apr-06,2006,Apr,GL48,4.3,3,3
25-Mar-06,2006,Mar,GL5,3.5,1,3
25-Mar-06,2006,Mar,GL5,3.5,2,3
25-Mar-06,2006,Mar,GL5,4,3,3
26-Apr-06,2006,Apr,GL50,4.3,1,3
26-Apr-06,2006,Apr,GL50,4.15,2,3
26-Apr-06,2006,Apr,GL50,4.25,3,3
6-May-06,2006,May,GL50,3.35,A,4
6-May-06,2006,May,GL50,3.05,B,4
6-May-06,2006,May,GL50,3.15,C,4
6-May-06,2006,May,GL50,3,D,4
28-Apr-06,2006,Apr,GL51,4.5,B,3
28-Apr-06,2006,Apr,GL51,4.8,A,3
28-Apr-06,2006,Apr,GL51,4.5,B,3
28-Apr-06,2006,Apr,GL51,4.3,C,3
28-Apr-06,2006,Apr,GL51,4.8,A,3
28-Apr-06,2006,Apr,GL51,4.5,B,3
28-Apr-06,2006,Apr,GL51,4.3,C,3
28-Apr-06,2006,Apr,GL52,4.35,A,4
28-Apr-06,2006,Apr,GL52,4.65,B,4
28-Apr-06,2006,Apr,GL52,5,C,4
28-Apr-06,2006,Apr,GL52,4.75,D,4
30-Apr-06,2006,Apr,GL52,4.25,A,2
30-Apr-06,2006,Apr,GL52,4.7,B,2
20-May-06,2006,May,GL53,x,A,4
20-May-06,2006,May,GL53,2.35,B,4
20-May-06,2006,May,GL53,3.65,C,4
20-May-06,2006,May,GL53,3.6,D,4
29-Apr-06,2006,Apr,GL55,5,1,3
29-Apr-06,2006,Apr,GL55,3.5,2,3
29-Apr-06,2006,Apr,GL55,4.5,3,3
12-May-06,2006,May,GL57,4.35,1,3
12-May-06,2006,May,GL57,4.2,2,3
12-May-06,2006,May,GL57,4.1,3,3
13-May-06,2006,May,GL58,4.35,1,3
13-May-06,2006,May,GL58,3.85,2,3
13-May-06,2006,May,GL58,4.1,3,3
13-May-06,2006,May,GL59,4.3,1,4
13-May-06,2006,May,GL59,4.1,2,4
13-May-06,2006,May,GL59,4.3,3,4
13-May-06,2006,May,GL59,4.3,4,4
14-May-06,2006,May,GL61,4.25,A,3
14-May-06,2006,May,GL61,4.3,B,3
14-May-06,2006,May,GL61,4.7,C,3
14-May-06,2006,May,GL62,3.85,A,3
14-May-06,2006,May,GL62,3.85,B,3
14-May-06,2006,May,GL62,4.2,C,3
12-May-06,2006,May,GL62,3.3,1,3
12-May-06,2006,May,GL62,3.25,2,3
12-May-06,2006,May,GL62,3.55,N/A,3
18-May-06,2006,May,GL63,4.55,1,2
18-May-06,2006,May,GL63,4.2,2,2
18-May-06,2006,May,GL63,4.55,1,2
18-May-06,2006,May,GL63,4.2,2,2
14-May-06,2006,May,GL63,4.75,1,2
14-May-06,2006,May,GL63,4.35,2,2
15-May-06,2006,May,GL64,4.3,A,3
15-May-06,2006,May,GL64,4.8,B,3
15-May-06,2006,May,GL64,4.3,C,3
18-May-06,2006,May,GL65,5.1,A,3
18-May-06,2006,May,GL65,4.6,B,3
18-May-06,2006,May,GL65,5.4,C,3
22-May-06,2006,May,GL66,4.3,A,3
22-May-06,2006,May,GL66,4.2,B,3
22-May-06,2006,May,GL66,4.15,C,3
17-May-06,2006,May,GL66,4.35,A,3
17-May-06,2006,May,GL66,4.25,B,3
17-May-06,2006,May,GL66,4.2,C,3
22-May-06,2006,May,GL67,4.6,1,4
22-May-06,2006,May,GL67,4.8,2,4
22-May-06,2006,May,GL67,4.7,3,4
22-May-06,2006,May,GL67,4.35,4,4
17-May-06,2006,May,GL67,4.95,1,4
17-May-06,2006,May,GL67,5.25,2,4
17-May-06,2006,May,GL67,5.15,3,4
17-May-06,2006,May,GL67,4.75,4,4
17-May-06,2006,May,GL68,4.35,1,3
17-May-06,2006,May,GL68,4.9,2,3
17-May-06,2006,May,GL68,4.35,3,3
18-May-06,2006,May,GL69,4.95,1,4
18-May-06,2006,May,GL69,5.1,1,4
18-May-06,2006,May,GL69,4.75,1,4
18-May-06,2006,May,GL69,4.8,1,4
18-May-06,2006,May,GL69,4.95,1,4
18-May-06,2006,May,GL69,5.1,2,4
18-May-06,2006,May,GL69,4.75,3,4
18-May-06,2006,May,GL69,4.8,4,4
22-May-06,2006,May,GL69,4.4,1,4
22-May-06,2006,May,GL69,4.8,2,4
22-May-06,2006,May,GL69,4.55,3,4
22-May-06,2006,May,GL69,4.15,4,4
17-May-06,2006,May,GL69,4.95,1,4
17-May-06,2006,May,GL69,5.15,2,4
17-May-06,2006,May,GL69,4.8,3,4
17-May-06,2006,May,GL69,4.95,4,4
26-Mar-06,2006,Mar,GL7,3.6,1,3
26-Mar-06,2006,Mar,GL7,3.5,2,3
26-Mar-06,2006,Mar,GL7,3.9,3,3
18-May-06,2006,May,GL72,4.4,1,3
18-May-06,2006,May,GL72,4.9,2,3
18-May-06,2006,May,GL72,4.65,3,3
18-May-06,2006,May,GL72,4.4,1,3
18-May-06,2006,May,GL72,4.9,2,3
18-May-06,2006,May,GL72,4.65,3,3
22-May-06,2006,May,GL75,4.35,1,4
22-May-06,2006,May,GL75,4.45,2,4
22-May-06,2006,May,GL75,4.25,3,4
22-May-06,2006,May,GL75,4.45,4,4
20-May-06,2006,May,GL75,4.65,1,4
20-May-06,2006,May,GL75,4.7,2,4
20-May-06,2006,May,GL75,4.55,3,4
20-May-06,2006,May,GL75,4.65,4,4
23-May-06,2006,May,GL76,4.3,A,3
23-May-06,2006,May,GL76,4.65,B,3
23-May-06,2006,May,GL76,4.8,C,3
25-May-06,2006,May,GL77,4.95,A,3
25-May-06,2006,May,GL77,5.1,B,3
25-May-06,2006,May,GL77,4.75,C,3
25-May-06,2006,May,GL78,4.85,A,3
25-May-06,2006,May,GL78,4.55,B,3
25-May-06,2006,May,GL78,4.2,C,3
26-May-06,2006,May,GL79,4.6,A,3
26-May-06,2006,May,GL79,4.65,B,3
26-May-06,2006,May,GL79,4.55,C,3
26-Mar-06,2006,Mar,GL8,3.3,1,4
26-Mar-06,2006,Mar,GL8,3.8,2,4
26-Mar-06,2006,Mar,GL8,3.6,3,4
26-Mar-06,2006,Mar,GL8,3.1,4,4
29-May-06,2006,May,GL80,5.3,A,3
29-May-06,2006,May,GL80,5.05,B,3
29-May-06,2006,May,GL80,5.45,C,3
28-May-06,2006,May,GL81,4.25,1,4
28-May-06,2006,May,GL81,4.35,2,4
28-May-06,2006,May,GL81,4.3,3,4
28-May-06,2006,May,GL81,4.05,4,4
29-May-06,2006,May,GL82,4.9,A,3
29-May-06,2006,May,GL82,5,B,3
29-May-06,2006,May,GL82,5.05,C,3
30-May-06,2006,Mar,GL82,3.4,1,4
30-May-06,2006,Mar,GL82,3.9,2,4
30-May-06,2006,Mar,GL82,3.65,3,4
3-Jun-06,2006,Jun,GL83,4.95,A,3
3-Jun-06,2006,Jun,GL83,4.3,B,3
3-Jun-06,2006,Jun,GL83,4.75,C,3
4-Jun-06,2006,Jun,GL86,4.65,1,4
4-Jun-06,2006,Jun,GL86,4.55,2,4
4-Jun-06,2006,Jun,GL86,4.3,3,4
4-Jun-06,2006,Jun,GL86,4.75,4,4
6-Jun-06,2006,Jun,GL87,5.45,A,3
6-Jun-06,2006,Jun,GL87,5.3,B,3
6-Jun-06,2006,Jun,GL87,5.8,C,3
6-Jun-06,2006,Jun,GL89,1.8,N/A,1
26-Mar-06,2006,Mar,GL9,3,1,3
6-Jun-06,2006,Jun,GL90,2.85,N/A,1
9-Jun-06,2006,Jun,GL93,4.85,A,3
9-Jun-06,2006,Jun,GL93,4.9,B,3
9-Jun-06,2006,Jun,GL93,4.8,C,3
8-Jun-06,2006,Jun,GL94,5.3,1,3
8-Jun-06,2006,Jun,GL94,4.3,2,3
8-Jun-06,2006,Jun,GL94,4.75,3,3
9-Jun-06,2006,Jun,GL95,3.9,1,4
9-Jun-06,2006,Jun,GL95,4.15,2,4
9-Jun-06,2006,Jun,GL95,4.5,3,4
9-Jun-06,2006,Jun,GL95,4.35,4,4
18-Jun-06,2006,Jun,GL95,3.65,1,4
18-Jun-06,2006,Jun,GL95,2.85,2,4
18-Jun-06,2006,Jun,GL95,4.2,3,4
18-Jun-06,2006,Jun,GL95,4,4,4
13-Jun-06,2006,Jun,GL97,4.55,A,3
13-Jun-06,2006,Jun,GL97,4.75,B,3
13-Jun-06,2006,Jun,GL97,4.2,C,3
15-Jun-06,2006,Jun,GL99,4.6,A,3
15-Jun-06,2006,Jun,GL99,4.8,B,3
15-Jun-06,2006,Jun,GL99,4.95,C,3
1-Apr-06,2006,Apr,JU 1,4.8,1,3
1-Apr-06,2006,Apr,JU 1,4.25,2,3
1-Apr-06,2006,Apr,JU 1,4.6,3,3
3-Apr-06,2006,Apr,JU 1,4.75,1,3
3-Apr-06,2006,Apr,JU 1,4.25,2,3
3-Apr-06,2006,Apr,JU 1,4.6,3,3
9-Apr-06,2006,Apr,JU 1,4.4,1,3
9-Apr-06,2006,Apr,JU 1,3.75,2,3
9-Apr-06,2006,Apr,JU 1,4.15,3,3
25-Apr-06,2006,Apr,JU 10,4.1,4,4
14-Apr-06,2006,Apr,JU 10,5.05,1,3
15-Apr-06,2006,Apr,JU 10,5,1,3
15-Apr-06,2006,Apr,JU 10,4.85,2,3
16-Apr-06,2006,Apr,JU 10,5,1,3
16-Apr-06,2006,Apr,JU 10,4.8,2,3
16-Apr-06,2006,Apr,JU 10,4.85,3,3
18-Apr-06,2006,Apr,JU 10,4.85,1,3
18-Apr-06,2006,Apr,JU 10,4.55,2,3
18-Apr-06,2006,Apr,JU 10,4.05,3,3
18-Apr-06,2006,Apr,JU 10,5.2,4,3
20-Apr-06,2006,Apr,JU 10,4.8,1,3
20-Apr-06,2006,Apr,JU 10,4.35,2,3
20-Apr-06,2006,Apr,JU 10,3.25,3,3
20-Apr-06,2006,Apr,JU 10,5.1,4,3
25-Apr-06,2006,Apr,JU 10 ,4.2,1,4
25-Apr-06,2006,Apr,JU 10 ,3.5,2,4
25-Apr-06,2006,Apr,JU 11,4.3,1,4
25-Apr-06,2006,Apr,JU 11,3.7,2,4
25-Apr-06,2006,Apr,JU 11,3.3,3,4
25-May-06,2006,May,JU 11,3.5,4,4
27-Apr-06,2006,Apr,JU 11,4,1,4
27-Apr-06,2006,Apr,JU 11,3.55,2,4
23-Apr-06,2006,Apr,JU 11,4.45,1,4
23-Apr-06,2006,Apr,JU 11,3.8,2,4
23-Apr-06,2006,Apr,JU 11,3.4,3,4
23-Apr-06,2006,Apr,JU 11,4.15,4,4
18-Apr-06,2006,Apr,JU 11,4.6,1,4
18-Apr-06,2006,Apr,JU 11,4.25,2,4
18-Apr-06,2006,Apr,JU 11,3.8,3,4
18-Apr-06,2006,Apr,JU 11,4.3,4,4
20-Apr-06,2006,Apr,JU 11,4.5,1,4
20-Apr-06,2006,Apr,JU 11,4,2,4
20-Apr-06,2006,Apr,JU 11,3.6,3,4
20-Apr-06,2006,Apr,JU 11,4.25,4,4
23-Apr-06,2006,Apr,JU 12,3.5,2,3
23-Apr-06,2006,Apr,JU 12,3.65,3,3
25-May-06,2006,May,JU 15,4.7,4,4
25-May-06,2006,May,JU 15,3.85,1,4
22-Apr-06,2006,Apr,JU 15,3.95,1,4
22-Apr-06,2006,Apr,JU 15,3.7,2,4
22-Apr-06,2006,Apr,JU 15,3.85,3,4
22-Apr-06,2006,Apr,JU 15,3.7,4,4
16-Jul-06,2006,Jul,JU 15,4,1,4
20-Apr-06,2006,Apr,JU 15,3.8,2,4
20-Apr-06,2006,Apr,JU 15,3.9,3,4
20-Apr-06,2006,Apr,JU 15,3.75,4,4
25-May-06,2006,May,JU 15 ,3.6,2,4
22-Apr-06,2006,Apr,JU 16,4.35,A,3
22-Apr-06,2006,Apr,JU 16,4.5,B,3
22-Apr-06,2006,Apr,JU 16,4.8,C,3
23-Apr-06,2006,Apr,JU 16,3.35,A,3
23-Apr-06,2006,Apr,JU 16,4.5,B,3
23-Apr-06,2006,Apr,JU 16,4.85,C,3
19-Apr-06,2006,Apr,JU 16,4.45,1,2
19-Apr-06,2006,Apr,JU 16,4.55,2,2
20-Apr-06,2006,Apr,JU 16,4.4,A,3
20-Apr-06,2006,Apr,JU 16,4.55,B,3
20-Apr-06,2006,Apr,JU 16,4.85,C,3
3-May-06,2006,May,JU 17,4.05,A,3
5-May-06,2006,May,JU 17,4.25,B,3
27-Apr-06,2006,Apr,JU 17,3.85,4,4
2-May-06,2006,May,JU 17,4.1,A,3
2-May-06,2006,May,JU 17,4.3,B,3
3-May-06,2006,May,JU 17,4.6,C,3
4-May-06,2006,May,JU 18,4.55,B,3
4-May-06,2006,May,JU 18,4.85,C,3
2-May-06,2006,May,JU 18,4.6,A,4
5-May-06,2006,May,JU 18,4.6,B,4
5-May-06,2006,May,JU 18,4.8,C,4
5-May-06,2006,May,JU 18,5.25,D,4
8-May-06,2006,May,JU 18,4.5,B,4
8-May-06,2006,May,JU 18,4.7,C,4
8-May-06,2006,May,JU 18,5.15,D,4
8-May-06,2006,May,JU 19,4.6,A,3
8-May-06,2006,May,JU 19,4.85,B,3
8-May-06,2006,May,JU 19,4.9,C,3
6-Apr-06,2006,Apr,JU 2,4.3,1,4
6-Apr-06,2006,Apr,JU 2,4.4,2,4
7-Apr-06,2006,Apr,JU 2,4.3,1,4
7-Apr-06,2006,Apr,JU 2,4.3,2,4
7-Apr-06,2006,Apr,JU 2,4.45,4,4
9-Apr-06,2006,Apr,JU 2,4.3,1,4
9-Apr-06,2006,Apr,JU 2,4.25,2,4
9-Apr-06,2006,Apr,JU 2,4.4,3,4
9-Apr-06,2006,Apr,JU 2,4.6,4,4
10-May-06,2006,May,JU 21,5.05,1,4
10-May-06,2006,May,JU 21,5.55,2,4
10-May-06,2006,May,JU 21,5.5,3,4
10-May-06,2006,May,JU 21,5.25,4,4
10-May-06,2006,May,JU 21,5.05,1,4
10-May-06,2006,May,JU 21,5.55,2,4
10-May-06,2006,May,JU 21,5.5,3,4
10-May-06,2006,May,JU 21,5.25,4,4
14-May-06,2006,May,JU 21,4.75,1,4
14-May-06,2006,May,JU 21,4.95,3,4
14-May-06,2006,May,JU 21,4.65,4,4
16-May-06,2006,May,JU 21,4.5,1,4
16-May-06,2006,May,JU 21,4.9,3,4
16-May-06,2006,May,JU 21,4.4,4,4
18-May-06,2006,May,JU 21,4.25,1,4
18-May-06,2006,May,JU 21,3.95,4,4
14-May-06,2006,May,JU 23,5.05,1,4
14-May-06,2006,May,JU 23,5.35,2,4
14-May-06,2006,May,JU 23,4.05,3,4
14-May-06,2006,May,JU 23,4.05,4,4
7-Apr-06,2006,Apr,JU 7,4.4,1,4
7-Apr-06,2006,Apr,JU 7,4.35,2,4
7-Apr-06,2006,Apr,JU 7,3.95,3,4
7-Apr-06,2006,Apr,JU 7,3.95,4,4
1-Apr-06,2006,Apr,JU1,4.8,1,3
1-Apr-06,2006,Apr,JU1,4.25,2,3
1-Apr-06,2006,Apr,JU1,4.6,3,3
3-Apr-06,2006,Apr,JU1,4.75,1,3
3-Apr-06,2006,Apr,JU1,4.25,2,3
3-Apr-06,2006,Apr,JU1,4.6,3,3
9-Apr-06,2006,Apr,JU1,4.4,1,3
9-Apr-06,2006,Apr,JU1,3.75,2,3
9-Apr-06,2006,Apr,JU1,4.15,3,3
14-Apr-06,2006,Apr,JU10,5.05,1,3
15-Apr-06,2006,Apr,JU10,5,1,3
15-Apr-06,2006,Apr,JU10,4.85,2,3
16-Apr-06,2006,Apr,JU10,5,1,3
16-Apr-06,2006,Apr,JU10,4.8,2,3
16-Apr-06,2006,Apr,JU10,4.85,3,3
18-Apr-06,2006,Apr,JU10,4.85,1,3
18-Apr-06,2006,Apr,JU10,4.55,2,3
18-Apr-06,2006,Apr,JU10,4.05,3,3
18-Apr-06,2006,Apr,JU10,5.2,4,3
20-Apr-06,2006,Apr,JU10,4.8,1,3
20-Apr-06,2006,Apr,JU10,4.35,2,3
20-Apr-06,2006,Apr,JU10,3.25,3,3
20-Apr-06,2006,Apr,JU10,5.1,4,3
25-Apr-06,2006,Apr,JU10,4.2,1,4
25-Apr-06,2006,Apr,JU10,3.5,2,4
25-Apr-06,2006,Apr,JU10,4.7,4,4
18-Apr-06,2006,Apr,JU11,4.6,1,4
18-Apr-06,2006,Apr,JU11,4.25,2,4
18-Apr-06,2006,Apr,JU11,3.8,3,4
18-Apr-06,2006,Apr,JU11,4.3,4,4
20-Apr-06,2006,Apr,JU11,4.5,1,4
20-Apr-06,2006,Apr,JU11,4,2,4
20-Apr-06,2006,Apr,JU11,3.6,3,4
20-Apr-06,2006,Apr,JU11,4.25,4,4
23-Apr-06,2006,Apr,JU11,4.45,1,4
23-Apr-06,2006,Apr,JU11,3.8,2,4
23-Apr-06,2006,Apr,JU11,3.4,3,4
23-Apr-06,2006,Apr,JU11,4.15,4,4
25-Apr-06,2006,Apr,JU11,4.3,1,4
25-Apr-06,2006,Apr,JU11,3.7,2,4
25-Apr-06,2006,Apr,JU11,3.3,3,4
25-Apr-06,2006,Apr,JU11,4.1,4,4
27-Apr-06,2006,Apr,JU11,4,1,4
27-Apr-06,2006,Apr,JU11,3.55,2,4
27-Apr-06,2006,Apr,JU11,3.85,4,4
15-Apr-06,2006,Apr,JU11,4.65,1,4
15-Apr-06,2006,Apr,JU11,4.35,2,4
15-Apr-06,2006,Apr,JU11,4.1,3,4
15-Apr-06,2006,Apr,JU11,4.4,4,4
23-Apr-06,2006,Apr,JU12,3.5,2,3
23-Apr-06,2006,Apr,JU12,3.65,3,3
15-Apr-06,2006,Apr,JU12,3.75,1,3
15-Apr-06,2006,Apr,JU12,3.85,2,3
15-Apr-06,2006,Apr,JU12,3.95,3,3
20-Apr-06,2006,Apr,JU15,4,1,4
20-Apr-06,2006,Apr,JU15,3.8,2,4
20-Apr-06,2006,Apr,JU15,3.9,3,4
20-Apr-06,2006,Apr,JU15,3.75,4,4
22-Apr-06,2006,Apr,JU15,3.95,1,4
22-Apr-06,2006,Apr,JU15,3.7,2,4
22-Apr-06,2006,Apr,JU15,3.85,3,4
22-Apr-06,2006,Apr,JU15,3.7,4,4
25-Apr-06,2006,Apr,JU15,3.85,1,4
25-Apr-06,2006,Apr,JU15,3.6,2,4
25-Apr-06,2006,Apr,JU15,3.65,3,4
25-Apr-06,2006,Apr,JU15,3.5,4,4
19-Apr-06,2006,Apr,JU16,4.45,A,2
19-Apr-06,2006,Apr,JU16,4.55,B,2
20-Apr-06,2006,Apr,JU16,4.4,A,3
20-Apr-06,2006,Apr,JU16,4.55,B,3
20-Apr-06,2006,Apr,JU16,4.85,C,3
22-Apr-06,2006,Apr,JU16,4.35,A,3
22-Apr-06,2006,Apr,JU16,4.5,B,3
22-Apr-06,2006,Apr,JU16,4.8,C,3
23-Apr-06,2006,Apr,JU16,4.35,A,3
3-May-06,2006,May,JU17,4.25,B,3
23-Apr-06,2006,Apr,JU17,4.5,B,3
2-May-06,2006,May,JU17,4.1,A,3
2-May-06,2006,May,JU17,4.3,B,3
2-May-06,2006,May,JU17,4.6,C,3
3-May-06,2006,May,JU17,4.25,B,3
3-May-06,2006,May,JU17,4.05,A,3
5-May-06,2006,May,JU17,4.25,B,3
23-Apr-06,2006,Apr,JU18,4.85,C,3
4-May-06,2006,May,JU18,4.55,B,4
4-May-06,2006,May,JU18,4.85,C,4
2-May-06,2006,May,JU18,4.6,A,4
5-May-06,2006,May,JU18,4.6,A,4
5-May-06,2006,May,JU18,4.6,B,4
5-May-06,2006,May,JU18,4.8,C,4
5-May-06,2006,May,JU18,5.25,D,4
8-May-06,2006,May,JU18,4.5,B,4
8-May-06,2006,May,JU18,4.7,C,4
8-May-06,2006,May,JU18,5.15,D,4
8-May-06,2006,May,JU19,4.6,A,3
8-May-06,2006,May,JU19,4.85,B,3
8-May-06,2006,May,JU19,4.9,C,3
6-Apr-06,2006,Apr,JU2,4.3,1,4
6-Apr-06,2006,Apr,JU2,4.4,2,4
7-Apr-06,2006,Apr,JU2,4.3,1,4
7-Apr-06,2006,Apr,JU2,4.3,2,4
7-Apr-06,2006,Apr,JU2,4.45,3,4
9-Apr-06,2006,Apr,JU2,4.3,1,4
9-Apr-06,2006,Apr,JU2,4.25,2,4
9-Apr-06,2006,Apr,JU2,4.4,3,4
9-Apr-06,2006,Apr,JU2,4.6,4,4
7-Apr-06,2006,Apr,JU2,4.3,1,3
7-Apr-06,2006,Apr,JU2,4.3,2,3
7-Apr-06,2006,Apr,JU2,4.45,3,3
10-May-06,2006,May,JU21,5.05,1,4
10-May-06,2006,May,JU21,5.55,2,4
10-May-06,2006,May,JU21,5.5,3,4
10-May-06,2006,May,JU21,5.25,4,4
14-May-06,2006,May,JU21,4.75,1,4
14-May-06,2006,May,JU21,4.95,3,4
14-May-06,2006,May,JU21,4.65,4,4
16-May-06,2006,May,JU21,4.5,1,4
16-May-06,2006,May,JU21,4.9,3,4
16-May-06,2006,May,JU21,4.4,4,4
18-May-06,2006,May,JU21,4.25,1,4
18-May-06,2006,May,JU21,3.95,4,4
14-May-06,2006,May,JU23,5.05,1,4
14-May-06,2006,May,JU23,5.35,2,4
14-May-06,2006,May,JU23,4.05,3,4
14-May-06,2006,May,JU23,5.05,4,4
7-Jun-06,2006,Jun,JU25,2.4,1,4
7-Jun-06,2006,Jun,JU25,2.65,2,4
7-Jun-06,2006,Jun,JU25,2.85,3,4
9-Jun-06,2006,Jun,JU25,2.15,1,4
9-Jun-06,2006,Jun,JU25,2.2,2,4
9-Jun-06,2006,Jun,JU25,2.6,3,4
2-Jun-06,2006,Jun,JU25,4.8,1,4
2-Jun-06,2006,Jun,JU25,4.8,2,4
2-Jun-06,2006,Jun,JU25,4.65,3,4
2-Jun-06,2006,Jun,JU25,4.1,4,4
4-Jun-06,2006,Jun,JU25,3.9,1,4
4-Jun-06,2006,Jun,JU25,4.15,2,4
4-Jun-06,2006,Jun,JU25,4.2,3,4
11-Jun-06,2006,Jun,JU25,1.75,1,4
11-Jun-06,2006,Jun,JU25,1.75,2,4
11-Jun-06,2006,Jun,JU25,2.4,3,4
8-Jun-06,2006,Jun,JU27,5.1,2,3
8-Jun-06,2006,Jun,JU27,5.25,3,3
4-Jun-06,2006,Jun,JU27,4.9,1,3
4-Jun-06,2006,Jun,JU27,5.2,2,3
4-Jun-06,2006,Jun,JU27,5.3,3,3
6-Jun-06,2006,Jun,JU27,4.85,1,4
6-Jun-06,2006,Jun,JU27,5.15,2,4
6-Jun-06,2006,Jun,JU27,5.35,3,4
15-Jun-06,2006,Jun,JU27,4.9,2,3
15-Jun-06,2006,Jun,JU27,5.1,3,3
16-Jun-06,2006,Jun,JU27,4.9,2,3
16-Jun-06,2006,Jun,JU27,5.2,3,3
14-Jun-06,2006,Jun,JU27,4.85,2,3
14-Jun-06,2006,Jun,JU27,5.1,3,3
12-Jun-06,2006,Jun,JU27,4.95,2,3
12-Jun-06,2006,Jun,JU27,5.2,3,3
10-Jun-06,2006,Jun,JU27,5,2,3
10-Jun-06,2006,Jun,JU27,5.2,3,3
6-Jun-06,2006,Jun,JU28,4.75,1,4
6-Jun-06,2006,Jun,JU28,6,2,4
6-Jun-06,2006,Jun,JU28,5.65,3,4
6-Jun-06,2006,Jun,JU28,5.35,4,4
8-Jun-06,2006,Jun,JU28,4.35,1,4
8-Jun-06,2006,Jun,JU28,5.85,2,4
8-Jun-06,2006,Jun,JU28,5.65,3,4
4-Jun-06,2006,Jun,JU28,5.65,1,4
4-Jun-06,2006,Jun,JU28,6,2,4
4-Jun-06,2006,Jun,JU28,5.8,3,4
4-Jun-06,2006,Jun,JU28,5.5,4,4
10-Jun-06,2006,Jun,JU28,4,1,4
10-Jun-06,2006,Jun,JU28,5.85,2,4
10-Jun-06,2006,Jun,JU28,5.5,3,4
10-Jun-06,2006,Jun,JU29,4.45,B,3
10-Jun-06,2006,Jun,JU29,4.2,C,3
10-Jun-06,2006,Jun,JU29,4.2,A,3
13-Jun-06,2006,Jun,JU30,4.65,1,4
13-Jun-06,2006,Jun,JU30,4.35,2,4
13-Jun-06,2006,Jun,JU30,3.65,3,4
13-Jun-06,2006,Jun,JU30,3.55,4,4
11-Jun-06,2006,Jun,JU30,4.8,1,4
11-Jun-06,2006,Jun,JU30,4.5,2,4
11-Jun-06,2006,Jun,JU30,3.8,3,4
11-Jun-06,2006,Jun,JU30,3.95,4,4
9-Jun-06,2006,Jun,JU30,4.9,1,4
9-Jun-06,2006,Jun,JU30,4.75,2,4
9-Jun-06,2006,Jun,JU30,4.1,3,4
9-Jun-06,2006,Jun,JU30,4.5,4,4
10-Jun-06,2006,Jun,JU32,4.95,A,4
10-Jun-06,2006,Jun,JU32,4.85,B,4
10-Jun-06,2006,Jun,JU32,4.95,C,4
10-Jun-06,2006,Jun,JU32,4.65,D,4
13-Jun-06,2006,Jun,JU34,5.25,A,3
13-Jun-06,2006,Jun,JU34,5.95,B,3
13-Jun-06,2006,Jun,JU34,5.45,C,3
23-Jun-06,2006,Jun,JU35,3.95,1,3
23-Jun-06,2006,Jun,JU35,4.2,2,3
20-Jun-06,2006,Jun,JU35,3.95,1,3
20-Jun-06,2006,Jun,JU35,4.15,2,3
20-Jun-06,2006,Jun,JU35,3.65,3,3
15-Jun-06,2006,Jun,JU35,4.2,1,3
15-Jun-06,2006,Jun,JU35,4.4,2,3
15-Jun-06,2006,Jun,JU35,4,3,3
17-Jun-06,2006,Jun,JU35,4.1,1,3
17-Jun-06,2006,Jun,JU35,4.35,2,3
17-Jun-06,2006,Jun,JU35,3.85,3,3
19-Jun-06,2006,Jun,JU35,4.05,1,3
19-Jun-06,2006,Jun,JU35,4.2,2,3
19-Jun-06,2006,Jun,JU35,3.75,3,3
19-Jun-06,2006,Jun,JU36,4.35,C,3
19-Jun-06,2006,Jun,JU36,4.6,A,2
19-Jun-06,2006,Jun,JU36,4.3,B,2
20-Jun-06,2006,Jun,JU37,4.95,A,3
20-Jun-06,2006,Jun,JU37,4.15,B,3
20-Jun-06,2006,Jun,JU37,4.95,C,3
20-Jun-06,2006,Jun,JU38,4.4,A,1
22-Jun-06,2006,Jun,JU39,4.75,A,4
22-Jun-06,2006,Jun,JU39,5.2,B,4
22-Jun-06,2006,Jun,JU39,5.55,C,4
24-Jun-06,2006,Jun,JU40,4.65,1,4
24-Jun-06,2006,Jun,JU40,4.3,2,4
24-Jun-06,2006,Jun,JU40,4.2,3,4
24-Jun-06,2006,Jun,JU40,4.4,4,4
22-Jun-06,2006,Jun,JU40,4.8,1,4
22-Jun-06,2006,Jun,JU40,4.4,2,4
22-Jun-06,2006,Jun,JU40,4.35,3,4
22-Jun-06,2006,Jun,JU40,4.4,4,4
26-Jun-06,2006,Jun,JU40,4.6,1,4
26-Jun-06,2006,Jun,JU40,4.25,2,4
26-Jun-06,2006,Jun,JU40,4.15,3,4
26-Jun-06,2006,Jun,JU40,4.4,4,4
28-Jun-06,2006,Jun,JU40,4.55,1,4
28-Jun-06,2006,Jun,JU40,4.15,2,4
28-Jun-06,2006,Jun,JU40,3.8,3,4
28-Jun-06,2006,Jun,JU40,4.35,4,4
30-Jun-06,2006,Jun,JU40,4.3,1,4
30-Jun-06,2006,Jun,JU40,4.05,2,4
30-Jun-06,2006,Jun,JU40,3.75,3,4
30-Jun-06,2006,Jun,JU40,4.15,4,4
2-Jul-06,2006,Jul,JU40,4.3,1,4
2-Jul-06,2006,Jul,JU40,4,2,4
2-Jul-06,2006,Jul,JU40,3.85,3,4
2-Jul-06,2006,Jul,JU40,3.15,4,4
3-Jul-06,2006,Jul,JU40,4.25,1,4
23-Jun-06,2006,Jun,JU41,4.9,C,3
23-Jun-06,2006,Jun,JU41,4.95,A,3
23-Jun-06,2006,Jun,JU41,4.95,B,3
24-Jun-06,2006,Jun,JU42,3.9,1,4
24-Jun-06,2006,Jun,JU42,3.65,3,4
24-Jun-06,2006,Jun,JU42,3.85,4,4
22-Jun-06,2006,Jun,JU42,3.7,1,4
22-Jun-06,2006,Jun,JU42,3.95,2,4
22-Jun-06,2006,Jun,JU42,3.7,3,4
22-Jun-06,2006,Jun,JU42,3.9,4,4
9-Jun-06,2006,Jun,JU43,3.5,1,4
9-Jun-06,2006,Jun,JU43,4.05,2,4
9-Jun-06,2006,Jun,JU43,3.85,3,4
9-Jun-06,2006,Jun,JU43,4.4,4,4
13-Jun-06,2006,Jun,JU43,3.4,1,4
13-Jun-06,2006,Jun,JU43,3.4,2,4
13-Jun-06,2006,Jun,JU43,3.9,3,4
13-Jun-06,2006,Jun,JU43,4.2,4,4
9-Jun-06,2006,Jun,JU43,3.5,1,4
9-Jun-06,2006,Jun,JU43,4.05,2,4
9-Jun-06,2006,Jun,JU43,3.85,3,4
9-Jun-06,2006,Jun,JU43,4.4,4,4
11-Jun-06,2006,Jun,JU43,3.45,1,4
11-Jun-06,2006,Jun,JU43,3.5,2,4
11-Jun-06,2006,Jun,JU43,3.95,3,4
11-Jun-06,2006,Jun,JU43,4.25,4,4
27-Jun-06,2006,Jun,JU44,4.7,1,2
27-Jun-06,2006,Jun,JU44,4.65,2,2
26-Jun-06,2006,Jun,JU45,4.95,A,3
26-Jun-06,2006,Jun,JU45,4.65,B,3
28-Jun-06,2006,Jun,JU46,5.6,1,4
28-Jun-06,2006,Jun,JU46,5.75,2,4
28-Jun-06,2006,Jun,JU46,5.05,3,4
28-Jun-06,2006,Jun,JU46,5.2,4,4
3-Jul-06,2006,Jul,JU46,5.5,1,4
3-Jul-06,2006,Jul,JU46,5.7,2,4
3-Jul-06,2006,Jul,JU46,4.9,3,4
3-Jul-06,2006,Jul,JU46,5.15,4,4
28-Jun-06,2006,Jun,JU47,5.2,1,4
28-Jun-06,2006,Jun,JU47,4.9,2,4
28-Jun-06,2006,Jun,JU47,4.65,3,4
28-Jun-06,2006,Jun,JU47,4.5,4,4
30-Jun-06,2006,Jun,JU50,5.2,A,3
30-Jun-06,2006,Jun,JU50,5.05,B,3
30-Jun-06,2006,Jun,JU50,4.7,C,3
29-Jun-06,2006,Jun,JU51,3.8,1,3
29-Jun-06,2006,Jun,JU51,3.95,2,3
29-Jun-06,2006,Jun,JU51,3.25,3,3
1-Jul-06,2006,Jul,JU51,3.55,1,3
1-Jul-06,2006,Jul,JU51,3.85,2,3
1-Jul-06,2006,Jul,JU51,3.15,3,3
3-Jul-06,2006,Jul,JU51,3.8,2,3
3-Jul-06,2006,Jul,JU52,4.5,A,3
3-Jul-06,2006,Jul,JU52,4.65,B,3
3-Jul-06,2006,Jul,JU52,4.4,C,3
15-Jul-06,2006,Jul,JU54,3.9,A,3
15-Jul-06,2006,Jul,JU54,4.5,B,3
15-Jul-06,2006,Jul,JU54,4.25,C,3
16-Jul-06,2006,Jul,JU55,4.8,A,3
16-Jul-06,2006,Jul,JU55,4.85,B,3
16-Jul-06,2006,Jul,JU55,4.9,C,3
16-Jul-06,2006,Jul,JU56,4.35,A,3
16-Jul-06,2006,Jul,JU56,4.1,B,3
16-Jul-06,2006,Jul,JU56,4.25,C,3
20-Jul-06,2006,Jul,JU57,5.5,1,3
20-Jul-06,2006,Jul,JU57,5.05,2,3
20-Jul-06,2006,Jul,JU57,4.7,3,3
26-Jul-06,2006,Jul,JU57,5.25,1,3
26-Jul-06,2006,Jul,JU57,5,2,3
26-Jul-06,2006,Jul,JU57,4.6,3,3
26-Jul-06,2006,Jul,JU58,4.35,1,4
26-Jul-06,2006,Jul,JU58,4.6,2,4
26-Jul-06,2006,Jul,JU58,4.25,3,4
26-Jul-06,2006,Jul,JU58,4.25,4,4
7-Apr-06,2006,Apr,JU7,4.4,1,4
7-Apr-06,2006,Apr,JU7,4.35,2,4
7-Apr-06,2006,Apr,JU7,3.9,3,4
7-Apr-06,2006,Apr,JU7,3.95,4,4
1-Jul-06,2006,Jul,MH,4.6,A,3
1-Jul-06,2006,Jul,MH,4.2,B,3
1-Jul-06,2006,Jul,MH,4.8,C,3
1-Jul-06,2006,Jul,MH,3.95,A,3
1-Jul-06,2006,Jul,MH,3.5,B,3
1-Jul-06,2006,Jul,MH,4.2,C,3
13-May-06,2006,May,MH 1 ,4.85,1,4
13-May-06,2006,May,MH 1 ,4.55,2,4
13-May-06,2006,May,MH 1 ,4.85,3,4
13-May-06,2006,May,MH 1 ,4.45,4,4
15-May-06,2006,May,MH 1 ,5.05,1,4
15-May-06,2006,May,MH 1 ,5.05,2,4
15-May-06,2006,May,MH 1 ,5.05,3,4
15-May-06,2006,May,MH 1 ,4.05,4,4
16-May-06,2006,May,MH 2,4.9,1,4
16-May-06,2006,May,MH 2,5,2,4
16-May-06,2006,May,MH 2,5.7,3,4
16-May-06,2006,May,MH 2,5.4,4,4
18-May-06,2006,May,MH 2,4.8,1,4
18-May-06,2006,May,MH 2,x,2,4
18-May-06,2006,May,MH 2,5.7,3,4
17-May-06,2006,May,MH 3,4,1,4
17-May-06,2006,May,MH 3,4.15,2,4
17-May-06,2006,May,MH 3,3.55,3,4
17-May-06,2006,May,MH 3,4.05,4,4
13-May-06,2006,May,MH1,4.85,1,4
13-May-06,2006,May,MH1,4.55,2,4
13-May-06,2006,May,MH1,4.85,3,4
13-May-06,2006,May,MH1,4.45,4,4
23-May-06,2006,May,MH10,4.7,1,4
23-May-06,2006,May,MH10,4.5,2,4
23-May-06,2006,May,MH10,4.9,3,4
23-May-06,2006,May,MH10,4.3,4,4
25-May-06,2006,May,MH10,3.9,1,4
25-May-06,2006,May,MH10,4.4,2,4
25-May-06,2006,May,MH10,4.8,3,4
25-May-06,2006,May,MH10,4.25,4,4
24-May-06,2006,May,MH12,5.3,1,2
30-May-06,2006,May,MH12,5.3,1,1
2-Jun-06,2006,Jun,MH12,5.2,1,1
28-May-06,2006,May,MH13,4.45,A,2
28-May-06,2006,May,MH13,4.35,B,2
31-May-06,2006,May,MH13,4.4,A,3
31-May-06,2006,May,MH13,4.25,B,3
31-May-06,2006,May,MH13,4.3,C,3
2-Jun-06,2006,Jun,MH13,4.4,A,3
2-Jun-06,2006,Jun,MH13,4.25,B,3
2-Jun-06,2006,Jun,MH13,4.3,C,3
29-May-06,2006,May,MH13,4.45,A,3
29-May-06,2006,May,MH13,4.3,B,3
29-May-06,2006,May,MH13,4.3,C,3
2-Jun-06,2006,Jun,MH14,5.3,A,3
2-Jun-06,2006,Jun,MH14,5.25,B,3
2-Jun-06,2006,Jun,MH14,5.25,C,3
5-Jun-06,2006,Jun,MH14,5.2,A,4
5-Jun-06,2006,Jun,MH14,5.2,B,4
5-Jun-06,2006,Jun,MH14,5.15,C,4
5-Jun-06,2006,Jun,MH14,5.1,D,4
10-Jun-06,2006,Jun,MH14,4.2,1,1
7-Jun-06,2006,Jun,MH16,4.25,1,1
3-Jun-06,2006,Jun,MH17,4.3,1,3
3-Jun-06,2006,Jun,MH17,4,2,3
3-Jun-06,2006,Jun,MH17,4.15,3,3
8-Jun-06,2006,Jun,MH17,4.1,1,3
8-Jun-06,2006,Jun,MH17,3.8,2,3
8-Jun-06,2006,Jun,MH17,3.95,3,3
5-Jun-06,2006,Jun,MH18,5.2,1,3
5-Jun-06,2006,Jun,MH18,4.4,2,3
5-Jun-06,2006,Jun,MH18,4.95,3,3
5-Jun-06,2006,Jun,MH18,5.2,1,3
5-Jun-06,2006,Jun,MH18,4.4,2,3
5-Jun-06,2006,Jun,MH18,4.95,3,3
9-Jun-06,2006,Jun,MH18,5,1,3
9-Jun-06,2006,Jun,MH18,4.2,2,3
9-Jun-06,2006,Jun,MH18,4.65,3,3
18-May-06,2006,May,MH2,5.4,4,4
20-May-06,2006,May,MH2,4.8,1,4
20-May-06,2006,May,MH2,5.65,3,4
22-May-06,2006,May,MH2,4.75,1,4
22-May-06,2006,May,MH2,5.6,3,4
22-May-06,2006,May,MH2,5.35,4,4
16-May-06,2006,May,MH2,4.9,1,4
16-May-06,2006,May,MH2,5,2,4
16-May-06,2006,May,MH2,5.7,3,4
16-May-06,2006,May,MH2,5.4,4,4
18-May-06,2006,May,MH2,4.8,1,4
18-May-06,2006,May,MH2,5.7,3,4
19-Jun-06,2006,Jun,MH21,3.85,1,2
19-Jun-06,2006,Jun,MH21,4,2,2
11-Jun-06,2006,Jun,MH22,3.95,1,2
11-Jun-06,2006,Jun,MH22,4.15,2,2
25-Jun-06,2006,Jun,MH23,4.6,1,4
25-Jun-06,2006,Jun,MH23,4.65,2,4
25-Jun-06,2006,Jun,MH23,4.45,3,4
25-Jun-06,2006,Jun,MH23,4.75,4,4
20-Jun-06,2006,Jun,MH23,4.05,1,3
20-Jun-06,2006,Jun,MH23,3.9,2,3
27-Jun-06,2006,Jun,MH25,4.15,1,3
27-Jun-06,2006,Jun,MH25,4.5,2,3
27-Jun-06,2006,Jun,MH25,4.35,3,3
29-Jun-06,2006,Jun,MH25,4.45,2,3
29-Jun-06,2006,Jun,MH25,4.25,3,3
1-Jul-06,2006,Jul,MH25,4.4,2,3
1-Jul-06,2006,Jul,MH25,4.15,3,3
3-Jul-06,2006,Jul,MH25,4.25,2,3
3-Jul-06,2006,Jul,MH25,4.05,3,3
5-Jul-06,2006,Jul,MH25,4.25,2,3
5-Jul-06,2006,Jul,MH25,3.95,3,3
7-Jul-06,2006,Jul,MH25,3.95,3,3
28-Jun-06,2006,Jun,MH26,4.2,1,3
28-Jun-06,2006,Jun,MH26,4.2,2,3
28-Jun-06,2006,Jun,MH26,4.45,3,3
1-Jul-06,2006,Jul,MH26,4.1,1,3
1-Jul-06,2006,Jul,MH26,4.1,2,3
1-Jul-06,2006,Jul,MH26,4.15,3,3
3-Jul-06,2006,Jul,MH26,4.1,1,3
30-Jun-06,2006,Jun,MH27,4.65,A,2
30-Jun-06,2006,Jun,MH27,4.3,B,2
3-Jul-06,2006,Jul,MH29,3.45,A,3
3-Jul-06,2006,Jul,MH29,3.7,B,3
5-Jul-06,2006,Jul,MH29,3.45,A,3
5-Jul-06,2006,Jul,MH29,3.7,B,3
5-Jul-06,2006,Jul,MH29,3.9,C,3
8-Jul-06,2006,Jul,MH29,3.5,A,3
8-Jul-06,2006,Jul,MH29,3.7,B,3
8-Jul-06,2006,Jul,MH29,3.95,C,3
10-Jul-06,2006,Jul,MH29,3.35,A,3
10-Jul-06,2006,Jul,MH29,3.55,B,3
10-Jul-06,2006,Jul,MH29,3.8,C,3
12-Jul-06,2006,Jul,MH29,3.3,A,3
12-Jul-06,2006,Jul,MH29,4.85,B,3
12-Jul-06,2006,Jul,MH29,4.85,C,3
14-Jun-06,2006,Jun,MH29,3.15,A,3
14-Jun-06,2006,Jun,MH29,3.4,B,3
14-Jun-06,2006,Jun,MH29,3.7,C,3
18-Jun-06,2006,Jun,MH29,4.3,A,3
18-Jun-06,2006,Jun,MH29,4.65,B,3
18-Jun-06,2006,Jun,MH29,4.65,C,3
24-May-06,2006,May,MH3,4.85,1,4
24-May-06,2006,May,MH3,3.6,2,4
24-May-06,2006,May,MH3,3.8,3,4
24-May-06,2006,May,MH3,3.7,4,4
20-May-06,2006,May,MH3,3.9,1,4
20-May-06,2006,May,MH3,4.05,2,4
20-May-06,2006,May,MH3,3.55,3,4
20-May-06,2006,May,MH3,3.95,4,4
22-May-06,2006,May,MH3,3.75,1,4
22-May-06,2006,May,MH3,3.9,2,4
22-May-06,2006,May,MH3,3.85,4,4
17-May-06,2006,May,MH3,4,1,4
17-May-06,2006,May,MH3,4.15,2,4
17-May-06,2006,May,MH3,3.55,3,4
17-May-06,2006,May,MH3,4.05,4,4
5-Jul-06,2006,Jul,MH30,4.4,1,4
5-Jul-06,2006,Jul,MH30,4.5,2,4
5-Jul-06,2006,Jul,MH30,4.5,3,4
5-Jul-06,2006,Jul,MH30,4.5,4,4
8-Jul-06,2006,Jul,MH30,4.25,1,4
8-Jul-06,2006,Jul,MH30,4.4,2,4
8-Jul-06,2006,Jul,MH30,4.35,3,4
8-Jul-06,2006,Jul,MH30,4.25,4,4
13-Jul-06,2006,Jul,MH31,4.45,A,3
13-Jul-06,2006,Jul,MH31,4.85,B,3
13-Jul-06,2006,Jul,MH31,4.85,C,3
15-Jun-06,2006,Jun,MH31,4.3,A,3
15-Jun-06,2006,Jun,MH31,4.7,B,3
15-Jun-06,2006,Jun,MH31,4.7,C,3
21-Jul-06,2006,Jul,MH33,4.75,1,3
21-Jul-06,2006,Jul,MH33,4.6,2,3
21-Jul-06,2006,Jul,MH33,3.95,3,3
24-Jul-06,2006,Jul,MH33,4.55,1,3
24-Jul-06,2006,Jul,MH33,4.35,2,3
24-Jul-06,2006,Jul,MH33,3.8,3,3
26-Jul-06,2006,Jul,MH33,4.45,1,3
26-Jul-06,2006,Jul,MH33,4.35,2,3
26-Jul-06,2006,Jul,MH33,3.75,3,3
23-May-06,2006,May,MH4,4.4,1,3
23-May-06,2006,May,MH4,4.65,2,3
23-May-06,2006,May,MH4,4.85,3,3
25-May-06,2006,May,MH4,4.3,1,3
25-May-06,2006,May,MH4,4.75,3,3
28-May-06,2006,May,MH4,4.05,1,3
28-May-06,2006,May,MH4,4.6,3,3
19-May-06,2006,May,MH4,4.6,1,3
19-May-06,2006,May,MH4,4.85,2,3
19-May-06,2006,May,MH4,4.95,3,3
21-May-06,2006,May,MH4,4.7,1,3
21-May-06,2006,May,MH4,4.8,2,3
21-May-06,2006,May,MH4,4.95,3,3
19-May-06,2006,May,MH5,3.9,1,4
19-May-06,2006,May,MH5,3.6,2,4
19-May-06,2006,May,MH5,3.95,3,4
19-May-06,2006,May,MH5,4.05,4,4
21-May-06,2006,May,MH5,2.75,1,4
21-May-06,2006,May,MH5,3.75,3,4
21-May-06,2006,May,MH5,3.8,4,4
24-May-06,2006,May,MH6,4.6,1,3
24-May-06,2006,May,MH6,4.7,2,3
24-May-06,2006,May,MH6,4.5,3,3
26-May-06,2006,May,MH6,4.55,1,1
26-May-06,2006,May,MH6,4.65,2,2
26-May-06,2006,May,MH6,4.5,3,3
28-May-06,2006,May,MH6,4.5,1,3
28-May-06,2006,May,MH6,4.55,2,3
28-May-06,2006,May,MH6,4.45,3,3
30-May-06,2006,May,MH6,4.45,1,3
30-May-06,2006,May,MH6,4.4,2,3
30-May-06,2006,May,MH6,4.4,3,3
31-May-06,2006,May,MH6,4.4,1,3
31-May-06,2006,May,MH6,4.4,2,3
31-May-06,2006,May,MH6,4.35,3,3
24-May-06,2006,May,MH7,5,1,2
24-May-06,2006,May,MH7,4.9,2,2
26-May-06,2006,May,MH7,4.95,1,2
26-May-06,2006,May,MH7,4.9,2,2
28-May-06,2006,May,MH7,4.9,1,2
28-May-06,2006,May,MH7,4.8,2,2
30-May-06,2006,May,MH7,4.7,1,2
30-May-06,2006,May,MH7,4.75,2,2
31-May-06,2006,May,MH7,4.9,1,2
31-May-06,2006,May,MH7,4.75,2,2
2-Jun-06,2006,Jun,MH7,4.9,1,2
2-Jun-06,2006,Jun,MH7,4.75,2,2
22-May-06,2006,May,MH8,4.8,2,1
29-Jun-06,2006,Jun,MP,4.4,1,2
29-Jun-06,2006,Jun,MP,4.6,2,2
9-Jun-06,2006,Jun,MP,4.5,1,3
9-Jun-06,2006,Jun,MP,4.35,2,3
9-Jun-06,2006,Jun,MP,4.35,3,3
9-May-06,2006,May,MP 03,6.5,1,3
9-May-06,2006,May,MP 03,3.4,2,3
9-May-06,2006,May,MP 03,3.5,3,3
17-May-06,2006,May,MP 04 ,5,2,2
18-May-06,2006,May,MP 05,3.65,1,2
16-Apr-06,2006,Apr,MP 1 _06 ,3.7,1,2
16-Apr-06,2006,Apr,MP 1 _06 ,3.85,2,2
20-Apr-06,2006,Apr,MP 1 _06 ,3.7,1,2
20-Apr-06,2006,Apr,MP 1 _06 ,3.95,2,2
4-May-06,2006,May,MP03_06,3.55,1,3
4-May-06,2006,May,MP03_06,3.5,2,3
4-May-06,2006,May,MP03_06,3.8,3,3
7-May-06,2006,May,MP03_06,3.7,1,3
7-May-06,2006,May,MP03_06,3.5,2,3
7-May-06,2006,May,MP03_06,3.75,3,3
17-May-06,2006,May,MP04,5.15,1,2
17-May-06,2006,May,MP04,5,2,2
16-May-06,2006,May,MP04,5.15,1,2
16-May-06,2006,May,MP04,5,2,2
8-May-06,2006,May,MP05,3.65,1,3
8-May-06,2006,May,MP05,3.85,2,3
8-May-06,2006,May,MP05,3.9,3,3
18-May-06,2006,May,MP05,3.65,1,3
18-May-06,2006,May,MP05,3.85,2,3
18-May-06,2006,May,MP05,3.9,3,3
16-Apr-06,2006,Apr,MP1,3.7,1,2
16-Apr-06,2006,Apr,MP1,3.85,2,2
16-Apr-06,2006,Apr,MP1,3.7,1,2
16-Apr-06,2006,Apr,MP1,3.95,2,2
16-Apr-06,2006,Apr,MP1_06,3.7,1,2
16-Apr-06,2006,Apr,MP1_06,3.85,2,2
20-Apr-06,2006,Apr,MP1_06,3.7,1,2
20-Apr-06,2006,Apr,MP1_06,3.95,2,2
27-Jun-06,2006,Jun,MP10,4.35,A,1
19-Jul-06,2006,Jul,MP16,4.1,1,2
19-Jul-06,2006,Jul,MP16,4.15,2,2
20-Apr-06,2006,Apr,MP2,5.15,1,4
20-Apr-06,2006,Apr,MP2,5.1,2,4
20-Apr-06,2006,Apr,MP2,5.25,3,4
20-Apr-06,2006,Apr,MP2,4.85,4,4
25-Apr-06,2006,Apr,MP2,5.45,2,1
20-Apr-06,2006,Apr,MP2_06,5.15,1,4
20-Apr-06,2006,Apr,MP2_06,5.1,2,4
20-Apr-06,2006,Apr,MP2_06,5.25,3,4
20-Apr-06,2006,Apr,MP2_06,4.85,4,4
25-Apr-06,2006,Apr,MP2_06,5.45,2,1
20-Apr-06,2006,Apr,MP2_06,5.15,1,4
20-Apr-06,2006,Apr,MP2_06,5.1,2,4
20-Apr-06,2006,Apr,MP2_06,5.25,3,4
20-Apr-06,2006,Apr,MP2_06,4.85,3,4
4-May-06,2006,May,MP3,3.55,1,3
4-May-06,2006,May,MP3,3.5,2,3
4-May-06,2006,May,MP3,3.8,3,3
7-May-06,2006,May,MP3,3.7,1,3
7-May-06,2006,May,MP3,3.5,2,3
7-May-06,2006,May,MP3,3.75,3,3
9-May-06,2006,May,MP3,3.5,1,3
9-May-06,2006,May,MP3,3.4,2,3
9-May-06,2006,May,MP3,3.5,3,3
7-Jun-06,2006,Jun,MP6,3.75,A,1
19-Jun-06,2006,Jun,MP7,4.15,1,4
19-Jun-06,2006,Jun,MP7,4.1,2,4
19-Jun-06,2006,Jun,MP7,4.1,3,4
19-Jun-06,2006,Jun,MP7,4.35,4,4
19-Jun-06,2006,Jun,MP8,3.05,1,3
19-Jun-06,2006,Jun,MP8,4.65,2,3
19-Jun-06,2006,Jun,MP8,4.05,3,3
23-Jun-06,2006,Jun,MP9,5.3,1,4
23-Jun-06,2006,Jun,MP9,5.6,2,4
23-Jun-06,2006,Jun,MP9,5.2,3,4
23-Jun-06,2006,Jun,MP9,4.99,4,4
5-Mar-06,2006,Mar,SD10,3.5,1,2
5-Mar-06,2006,Mar,SD10,3.9,2,2
5-Mar-06,2006,Mar,SD12,4.6,1,2
5-Mar-06,2006,Mar,SD12,4.4,2,2
25-Mar-06,2006,Mar,SD14,4.7,1,4
25-Mar-06,2006,Mar,SD14,4.8,2,4
25-Mar-06,2006,Mar,SD14,4.8,3,4
25-Mar-06,2006,Mar,SD14,4.9,4,4
25-Mar-06,2006,Mar,SD29,3.4,1,3
25-Mar-06,2006,Mar,SD29,3.3,2,3
25-Mar-06,2006,Mar,SD29,3.1,3,3
3-Mar-06,2006,Mar,SD3,4.1,1,3
3-Mar-06,2006,Mar,SD3,4.1,2,3
3-Mar-06,2006,Mar,SD3,4.1,3,3
5-Mar-06,2006,Mar,SD7,3.7,1,2
5-Mar-06,2006,Mar,SD7,3,2,2
18-May-06,2006,May,X,3.85,2,3
18-May-06,2006,May,X,3.9,3,3
3-May-06,2005,May,GL23,4.3,,3
3-May-06,2005,May,GL23,4.4,,3
3-May-06,2005,May,GL23,3.7,,3
6-May-05,2005,May,GL47,4.8,,4
6-May-05,2005,May,GL47,4.5,,4
6-May-05,2005,May,GL47,4.3,,4
6-May-05,2005,May,GL47,4.3,,4
6-May-05,2005,May,GL50,4.6,,4
6-May-05,2005,May,GL50,4,,4
6-May-05,2005,May,GL50,3.9,,4
6-May-05,2005,May,GL50,4.2,,4
7-May-05,2005,May,NW Stadium,4.4,,3
7-May-05,2005,May,NW Stadium,4.3,,3
7-May-05,2005,May,NW Stadium,4.4,,3
7-May-05,2005,May,GL26,3.7,,4
7-May-05,2005,May,GL26,4.1,,4
7-May-05,2005,May,GL26,4,,4
7-May-05,2005,May,GL26,3.9,,4
7-May-05,2005,May,GL53,3.7,,4
7-May-05,2005,May,GL53,4,,4
7-May-05,2005,May,GL53,4,,4
7-May-05,2005,May,GL53,4.1,,4
9-May-05,2005,May,GL62,4.6,,3
9-May-05,2005,May,GL62,4.9,,3
9-May-05,2005,May,GL62,4.6,,3
10-May-05,2005,May,GL27,3.7,,3
10-May-05,2005,May,GL27,4.1,,3
10-May-05,2005,May,GL27,4,,3
10-May-05,2005,May,GL31,3.1,,1
11-May-05,2005,May,GL60,4.2,,4
11-May-05,2005,May,GL60,4.4,,4
11-May-05,2005,May,GL60,4.1,,4
11-May-05,2005,May,GL60,4,,4
12-May-05,2005,May,GL65,5,,3
12-May-05,2005,May,GL65,4.8,,3
12-May-05,2005,May,GL65,4.5,,3
16-May-05,2005,May,GL73,4.7,,3
16-May-05,2005,May,GL73,4.4,,3
16-May-05,2005,May,GL73,4.4,,3
16-May-05,2005,May,GL44,4.2,,3
16-May-05,2005,May,GL44,4.4,,3
16-May-05,2005,May,GL44,4.8,,3
18-May-05,2005,May,GL(Tennis court),4.1,,3
18-May-05,2005,May,GL(Tennis court),4.3,,3
18-May-05,2005,May,GL(Tennis court),4.5,,3
3-Jun-05,2005,Jun,GL80,4.4,,3
3-Jun-05,2005,Jun,GL80,4,,3
3-Jun-05,2005,Jun,GL80,4,,3
5-Jun-05,2005,Jun,GL83,4.1,,3
5-Jun-05,2005,Jun,GL83,4.2,,3
5-Jun-05,2005,Jun,GL83,4.3,,3
6-Jun-05,2005,Jun,GL81,5,,2
6-Jun-05,2005,Jun,GL81,4.6,,2
6-Jun-05,2005,Jun,GL82,4.4,,2
6-Jun-05,2005,Jun,GL82,4.4,,2
6-Jun-05,2005,Jun,SD245,5,,4
6-Jun-05,2005,Jun,SD245,5,,4
6-Jun-05,2005,Jun,SD245,4.7,,4
6-Jun-05,2005,Jun,SD245,4.9,,4
6-Jun-05,2005,Jun,GL94,4.5,,4
6-Jun-05,2005,Jun,GL94,4.1,,4
6-Jun-05,2005,Jun,GL94,4.7,,4
6-Jun-05,2005,Jun,GL94,4.3,,4
7-Jun-05,2005,Jun,SD250,4.6,,4
7-Jun-05,2005,Jun,SD250,4.8,,4
7-Jun-05,2005,Jun,SD250,4.3,,4
7-Jun-05,2005,Jun,SD250,4.7,,4
8-Jun-05,2005,Jun,SD255,4.4,,4
8-Jun-05,2005,Jun,SD255,4.6,,4
8-Jun-05,2005,Jun,SD255,4.8,,4
8-Jun-05,2005,Jun,SD255,4.6,,4
12-Jun-05,2005,Jun,GL98,3.8,,3
12-Jun-05,2005,Jun,GL98,3.7,,3
12-Jun-05,2005,Jun,GL98,3.8,,3
19-Jun-05,2005,Jun,GL110,4.3,,4
19-Jun-05,2005,Jun,GL110,3.9,,4
19-Jun-05,2005,Jun,GL110,4.1,,4
19-Jun-05,2005,Jun,GL110,4.1,,4
19-Jun-05,2005,Jun,GL118,4.9,,4
19-Jun-05,2005,Jun,GL118,5.1,,4
19-Jun-05,2005,Jun,GL118,4.5,,4
19-Jun-05,2005,Jun,GL118,5.3,,4
19-Jun-05,2005,Jun,GL111,4.5,,3
19-Jun-05,2005,Jun,GL111,4.4,,3
19-Jun-05,2005,Jun,GL111,4.5,,3
1-Jul-05,2005,Jul,GL124,4,,2
1-Jul-05,2005,Jul,GL124,4.6,,2
1-Jul-05,2005,Jul,GL120,4.4,,3
1-Jul-05,2005,Jul,GL120,4.3,,3
1-Jul-05,2005,Jul,GL120,4.1,,3
2-Jul-05,2005,Jul,GL126,4.1,,4
2-Jul-05,2005,Jul,GL126,3.9,,4
2-Jul-05,2005,Jul,GL126,3.7,,4
2-Jul-05,2005,Jul,GL126,4,,4
2-Jul-05,2005,Jul,SD310,4.1,,3
2-Jul-05,2005,Jul,SD310,3.9,,3
2-Jul-05,2005,Jul,SD310,3.8,,3
3-Jul-05,2005,Jul,GL127,3.5,,3
3-Jul-05,2005,Jul,GL127,4,,3
3-Jul-05,2005,Jul,GL127,3.9,,3
3-Jul-05,2005,Jul,GL128,4.5,,3
3-Jul-05,2005,Jul,GL128,4.3,,3
3-Jul-05,2005,Jul,GL128,4.2,,3
3-Jul-05,2005,Jul,GL129,4.6,,3
3-Jul-05,2005,Jul,GL129,5,,3
3-Jul-05,2005,Jul,GL129,4.6,,3
3-Jul-05,2005,Jul,GL130,2.54,,3
3-Jul-05,2005,Jul,GL130,4.8,,3
3-Jul-05,2005,Jul,GL130,4.8,,3
3-Jul-05,2005,Jul,GL131,4.1,,1
3-Jul-05,2005,Jul,GL132,3.9,,3
3-Jul-05,2005,Jul,GL132,4.2,,3
3-Jul-05,2005,Jul,GL132,3.7,,3
3-Jul-05,2005,Jul,GL133,4.1,,3
3-Jul-05,2005,Jul,GL133,4.5,,3
3-Jul-05,2005,Jul,GL133,4.8,,3
3-Jul-05,2005,Jul,GL136,4.3,,3
3-Jul-05,2005,Jul,GL136,4.2,,3
3-Jul-05,2005,Jul,GL136,3.9,,3
5-Jul-05,2005,Jul,GL139,4.4,,3
5-Jul-05,2005,Jul,GL139,4.7,,3
5-Jul-05,2005,Jul,GL139,4.6,,3
6-Jul-05,2005,Jul,GL119,4.5,,3
6-Jul-05,2005,Jul,GL119,4.8,,3
6-Jul-05,2005,Jul,GL119,4.6,,3
6-Jul-05,2005,Jul,GL140,4.1,,4
6-Jul-05,2005,Jul,GL140,4.5,,4
6-Jul-05,2005,Jul,GL140,4.2,,4
6-Jul-05,2005,Jul,GL140,4.1,,4
6-Jul-05,2005,Jul,GL142,4.3,,3
6-Jul-05,2005,Jul,GL142,4.2,,3
6-Jul-05,2005,Jul,GL142,4.5,,3
7-Jul-05,2005,Jul,SD317,4.5,,4
7-Jul-05,2005,Jul,SD317,4.6,,4
7-Jul-05,2005,Jul,SD317,5.1,,4
7-Jul-05,2005,Jul,SD317,4.1,,4
